Scheme,Price,Date
Positive Impact Fund,0.0,2019-07-24
Positive Impact Fund,1.0,2019-07-25
Positive Impact Fund,1.0,2019-07-26
Positive Impact Fund,1.0,2019-07-27
Positive Impact Fund,1.0,2019-07-28
Positive Impact Fund,1.0,2019-07-29
Positive Impact Fund,1.0001,2019-07-30
Positive Impact Fund,0.999,2019-07-31
Positive Impact Fund,0.9985,2019-08-01
Positive Impact Fund,0.9966,2019-08-02
Positive Impact Fund,0.9966,2019-08-03
Positive Impact Fund,0.9966,2019-08-04
Positive Impact Fund,0.9962,2019-08-05
Positive Impact Fund,0.9903,2019-08-06
Positive Impact Fund,0.9807,2019-08-07
Positive Impact Fund,0.9827,2019-08-08
Positive Impact Fund,0.9833,2019-08-09
Positive Impact Fund,0.9833,2019-08-10
Positive Impact Fund,0.9833,2019-08-11
Positive Impact Fund,0.9936,2019-08-12
Positive Impact Fund,0.9903,2019-08-13
Positive Impact Fund,0.9878,2019-08-14
Positive Impact Fund,0.9915,2019-08-15
Positive Impact Fund,0.9819,2019-08-16
Positive Impact Fund,0.9819,2019-08-17
Positive Impact Fund,0.9819,2019-08-18
Positive Impact Fund,0.98,2019-08-19
Positive Impact Fund,0.9859,2019-08-20
Positive Impact Fund,0.991,2019-08-21
Positive Impact Fund,0.9889,2019-08-22
Positive Impact Fund,0.992,2019-08-23
Positive Impact Fund,0.992,2019-08-24
Positive Impact Fund,0.992,2019-08-25
Positive Impact Fund,0.9899,2019-08-26
Positive Impact Fund,0.9841,2019-08-27
Positive Impact Fund,0.9851,2019-08-28
Positive Impact Fund,0.9852,2019-08-29
Positive Impact Fund,0.9858,2019-08-30
Positive Impact Fund,0.9858,2019-08-31
Positive Impact Fund,0.9858,2019-09-01
Positive Impact Fund,0.9881,2019-09-02
Positive Impact Fund,0.9896,2019-09-03
Positive Impact Fund,0.9896,2019-09-04
Positive Impact Fund,0.9853,2019-09-05
Positive Impact Fund,0.9884,2019-09-06
Positive Impact Fund,0.9884,2019-09-07
Positive Impact Fund,0.9884,2019-09-08
Positive Impact Fund,0.9908,2019-09-09
Positive Impact Fund,0.9894,2019-09-10
Positive Impact Fund,0.9882,2019-09-11
Positive Impact Fund,0.987,2019-09-12
Positive Impact Fund,0.9885,2019-09-13
Positive Impact Fund,0.9885,2019-09-14
Positive Impact Fund,0.9885,2019-09-15
Positive Impact Fund,0.9907,2019-09-16
Positive Impact Fund,0.9907,2019-09-17
Positive Impact Fund,0.991,2019-09-18
Positive Impact Fund,0.9916,2019-09-19
Positive Impact Fund,0.992,2019-09-20
Positive Impact Fund,0.992,2019-09-21
Positive Impact Fund,0.992,2019-09-22
Positive Impact Fund,0.9936,2019-09-23
Positive Impact Fund,0.9936,2019-09-24
Positive Impact Fund,0.9915,2019-09-25
Positive Impact Fund,0.9906,2019-09-26
Positive Impact Fund,0.9901,2019-09-27
Positive Impact Fund,0.9901,2019-09-28
Positive Impact Fund,0.9901,2019-09-29
Positive Impact Fund,0.9911,2019-09-30
Positive Impact Fund,0.9911,2019-10-01
Positive Impact Fund,0.9923,2019-10-02
Positive Impact Fund,0.9897,2019-10-03
Positive Impact Fund,0.9817,2019-10-04
Positive Impact Fund,0.9817,2019-10-05
Positive Impact Fund,0.9817,2019-10-06
Positive Impact Fund,0.9811,2019-10-07
Positive Impact Fund,0.9874,2019-10-08
Positive Impact Fund,0.988,2019-10-09
Positive Impact Fund,0.9798,2019-10-10
Positive Impact Fund,0.981,2019-10-11
Positive Impact Fund,0.981,2019-10-12
Positive Impact Fund,0.981,2019-10-13
Positive Impact Fund,0.9825,2019-10-14
Positive Impact Fund,0.9873,2019-10-15
Positive Impact Fund,0.9868,2019-10-16
Positive Impact Fund,0.9895,2019-10-17
Positive Impact Fund,0.9895,2019-10-18
Positive Impact Fund,0.9895,2019-10-19
Positive Impact Fund,0.9895,2019-10-20
Positive Impact Fund,0.9898,2019-10-21
Positive Impact Fund,0.9895,2019-10-22
Positive Impact Fund,0.9911,2019-10-23
Positive Impact Fund,0.9903,2019-10-24
Positive Impact Fund,0.9902,2019-10-25
Positive Impact Fund,0.9902,2019-10-26
Positive Impact Fund,0.9902,2019-10-27
Positive Impact Fund,0.9902,2019-10-28
Positive Impact Fund,0.989,2019-10-29
Positive Impact Fund,0.9931,2019-10-30
Positive Impact Fund,0.9942,2019-10-31
Positive Impact Fund,0.9951,2019-11-01
Positive Impact Fund,0.9951,2019-11-02
Positive Impact Fund,0.9951,2019-11-03
Positive Impact Fund,0.9926,2019-11-04
Positive Impact Fund,0.9936,2019-11-05
Positive Impact Fund,0.9959,2019-11-06
Positive Impact Fund,0.9943,2019-11-07
Positive Impact Fund,0.9952,2019-11-08
Positive Impact Fund,0.9952,2019-11-09
Positive Impact Fund,0.9952,2019-11-10
Positive Impact Fund,0.9963,2019-11-11
Positive Impact Fund,0.9967,2019-11-12
Positive Impact Fund,0.9956,2019-11-13
Positive Impact Fund,0.9959,2019-11-14
Positive Impact Fund,0.9967,2019-11-15
Positive Impact Fund,0.9967,2019-11-16
Positive Impact Fund,0.0,2019-11-17
Positive Impact Fund,0.9967,2019-11-18
Positive Impact Fund,1.0007,2019-11-19
Positive Impact Fund,1.0017,2019-11-20
Positive Impact Fund,1.0035,2019-11-21
Positive Impact Fund,0.9999,2019-11-22
Positive Impact Fund,0.9999,2019-11-23
Positive Impact Fund,0.9999,2019-11-24
Positive Impact Fund,0.9986,2019-11-25
Positive Impact Fund,1.0007,2019-11-26
Positive Impact Fund,1.0048,2019-11-27
Positive Impact Fund,1.0072,2019-11-28
Positive Impact Fund,1.0089,2019-11-29
Positive Impact Fund,1.0089,2019-11-30
Positive Impact Fund,1.0089,2019-12-01
Positive Impact Fund,1.0078,2019-12-02
Positive Impact Fund,1.0091,2019-12-03
Positive Impact Fund,1.0042,2019-12-04
Positive Impact Fund,0.9999,2019-12-05
Positive Impact Fund,1.0011,2019-12-06
Positive Impact Fund,1.0011,2019-12-07
Positive Impact Fund,1.0011,2019-12-08
Positive Impact Fund,1.0019,2019-12-09
Positive Impact Fund,1.0059,2019-12-10
Positive Impact Fund,1.0052,2019-12-11
Positive Impact Fund,1.0028,2019-12-12
Positive Impact Fund,1.0051,2019-12-13
Positive Impact Fund,1.0051,2019-12-14
Positive Impact Fund,1.0051,2019-12-15
Positive Impact Fund,1.0077,2019-12-16
Positive Impact Fund,1.0097,2019-12-17
Positive Impact Fund,1.011,2019-12-18
Positive Impact Fund,1.0121,2019-12-19
Positive Impact Fund,1.0118,2019-12-20
Positive Impact Fund,1.0118,2019-12-21
Positive Impact Fund,1.0118,2019-12-22
Positive Impact Fund,1.013,2019-12-23
Positive Impact Fund,1.0151,2019-12-24
Positive Impact Fund,1.0151,2019-12-25
Positive Impact Fund,1.0151,2019-12-26
Positive Impact Fund,1.016,2019-12-27
Positive Impact Fund,1.016,2019-12-28
Positive Impact Fund,1.016,2019-12-29
Positive Impact Fund,1.0152,2019-12-30
Positive Impact Fund,1.0174,2019-12-31
Positive Impact Fund,1.0174,2020-01-01
Positive Impact Fund,1.0174,2020-01-02
Positive Impact Fund,1.0164,2020-01-03
Positive Impact Fund,1.0164,2020-01-04
Positive Impact Fund,1.0164,2020-01-05
Positive Impact Fund,1.0192,2020-01-06
Positive Impact Fund,1.0161,2020-01-07
Positive Impact Fund,1.0135,2020-01-08
Positive Impact Fund,1.0139,2020-01-09
Positive Impact Fund,1.0146,2020-01-10
Positive Impact Fund,1.0146,2020-01-11
Positive Impact Fund,1.0146,2020-01-12
Positive Impact Fund,1.0188,2020-01-13
Positive Impact Fund,1.019,2020-01-14
Positive Impact Fund,1.0196,2020-01-15
Positive Impact Fund,1.0229,2020-01-16
Positive Impact Fund,1.0235,2020-01-17
Positive Impact Fund,1.0235,2020-01-18
Positive Impact Fund,1.0235,2020-01-19
Positive Impact Fund,1.0263,2020-01-20
Positive Impact Fund,1.0301,2020-01-21
Positive Impact Fund,1.0312,2020-01-22
Positive Impact Fund,1.0314,2020-01-23
Positive Impact Fund,1.0235,2020-01-24
Positive Impact Fund,1.0235,2020-01-25
Positive Impact Fund,1.0235,2020-01-26
Positive Impact Fund,1.0348,2020-01-27
Positive Impact Fund,1.0331,2020-01-28
Positive Impact Fund,1.0256,2020-01-29
Positive Impact Fund,1.0315,2020-01-30
Positive Impact Fund,1.0334,2020-01-31
Positive Impact Fund,1.0334,2020-02-01
Positive Impact Fund,1.0334,2020-02-02
Positive Impact Fund,1.0311,2020-02-03
Positive Impact Fund,1.0238,2020-02-04
Positive Impact Fund,1.0269,2020-02-05
Positive Impact Fund,1.0269,2020-02-06
Positive Impact Fund,1.0355,2020-02-07
Positive Impact Fund,1.0355,2020-02-08
Positive Impact Fund,1.0355,2020-02-09
Positive Impact Fund,1.0444,2020-02-10
Positive Impact Fund,1.0399,2020-02-11
Positive Impact Fund,1.0415,2020-02-12
Positive Impact Fund,1.0455,2020-02-13
Positive Impact Fund,1.0476,2020-02-14
Positive Impact Fund,1.0476,2020-02-15
Positive Impact Fund,1.0476,2020-02-16
Positive Impact Fund,1.0465,2020-02-17
Positive Impact Fund,1.0487,2020-02-18
Positive Impact Fund,1.049,2020-02-19
Positive Impact Fund,1.0478,2020-02-20
Positive Impact Fund,1.0522,2020-02-21
Positive Impact Fund,1.0522,2020-02-22
Positive Impact Fund,1.0522,2020-02-23
Positive Impact Fund,1.0503,2020-02-24
Positive Impact Fund,1.0503,2020-02-25
Positive Impact Fund,1.0325,2020-02-26
Positive Impact Fund,1.0194,2020-02-27
Positive Impact Fund,1.0187,2020-02-28
Positive Impact Fund,1.0187,2020-02-29
Positive Impact Fund,1.0187,2020-03-01
Positive Impact Fund,1.0024,2020-03-02
Positive Impact Fund,0.9907,2020-03-03
Positive Impact Fund,1.0058,2020-03-04
Positive Impact Fund,1.0053,2020-03-05
Positive Impact Fund,1.0199,2020-03-06
Positive Impact Fund,1.0199,2020-03-07
Positive Impact Fund,1.0199,2020-03-08
Positive Impact Fund,1.0099,2020-03-09
Positive Impact Fund,0.9947,2020-03-10
Positive Impact Fund,0.9937,2020-03-11
Positive Impact Fund,0.9676,2020-03-12
Positive Impact Fund,0.9504,2020-03-13
Positive Impact Fund,0.9504,2020-03-14
Positive Impact Fund,0.9504,2020-03-15
Positive Impact Fund,0.9503,2020-03-16
Positive Impact Fund,0.9009,2020-03-17
Positive Impact Fund,0.8769,2020-03-18
Positive Impact Fund,0.8919,2020-03-19
Positive Impact Fund,0.8758,2020-03-20
Positive Impact Fund,0.8758,2020-03-21
Positive Impact Fund,0.8758,2020-03-22
Positive Impact Fund,0.8805,2020-03-23
Positive Impact Fund,0.8723,2020-03-24
Positive Impact Fund,0.8543,2020-03-25
Positive Impact Fund,0.8904,2020-03-26
Positive Impact Fund,0.904,2020-03-27
Positive Impact Fund,0.904,2020-03-28
Positive Impact Fund,0.904,2020-03-29
Positive Impact Fund,0.9281,2020-03-30
Positive Impact Fund,0.9166,2020-03-31
Positive Impact Fund,0.9166,2020-04-01
Positive Impact Fund,0.9166,2020-04-02
Positive Impact Fund,0.9027,2020-04-03
Positive Impact Fund,0.9027,2020-04-04
Positive Impact Fund,0.9027,2020-04-05
Positive Impact Fund,0.9049,2020-04-06
Positive Impact Fund,0.8979,2020-04-07
Positive Impact Fund,0.9257,2020-04-08
Positive Impact Fund,0.9298,2020-04-09
Positive Impact Fund,0.9298,2020-04-10
Positive Impact Fund,0.9298,2020-04-11
Positive Impact Fund,0.9298,2020-04-12
Positive Impact Fund,0.9298,2020-04-13
Positive Impact Fund,0.944,2020-04-14
Positive Impact Fund,0.9499,2020-04-15
Positive Impact Fund,0.9575,2020-04-16
Positive Impact Fund,0.9456,2020-04-17
Positive Impact Fund,0.9456,2020-04-18
Positive Impact Fund,0.9456,2020-04-19
Positive Impact Fund,0.9484,2020-04-20
Positive Impact Fund,0.9597,2020-04-21
Positive Impact Fund,0.9553,2020-04-22
Positive Impact Fund,0.9419,2020-04-23
Positive Impact Fund,0.9511,2020-04-24
Positive Impact Fund,0.9511,2020-04-25
Positive Impact Fund,0.9511,2020-04-26
Positive Impact Fund,0.9511,2020-04-27
Positive Impact Fund,0.9547,2020-04-28
Positive Impact Fund,0.9668,2020-04-29
Positive Impact Fund,0.9703,2020-04-30
Positive Impact Fund,0.9792,2020-05-01
Positive Impact Fund,0.9792,2020-05-02
Positive Impact Fund,0.9792,2020-05-03
Positive Impact Fund,0.972,2020-05-04
Positive Impact Fund,0.9607,2020-05-05
Positive Impact Fund,0.9573,2020-05-06
Positive Impact Fund,0.9633,2020-05-07
Positive Impact Fund,0.9611,2020-05-08
Positive Impact Fund,0.9611,2020-05-09
Positive Impact Fund,0.9611,2020-05-10
Positive Impact Fund,0.9659,2020-05-11
Positive Impact Fund,0.973,2020-05-12
Positive Impact Fund,0.9741,2020-05-13
Positive Impact Fund,0.9675,2020-05-14
Positive Impact Fund,0.9604,2020-05-15
Positive Impact Fund,0.9604,2020-05-16
Positive Impact Fund,0.9604,2020-05-17
Positive Impact Fund,0.9584,2020-05-18
Positive Impact Fund,0.9601,2020-05-19
Positive Impact Fund,0.9782,2020-05-20
Positive Impact Fund,0.977,2020-05-21
Positive Impact Fund,0.9849,2020-05-22
Positive Impact Fund,0.9849,2020-05-23
Positive Impact Fund,0.9849,2020-05-24
Positive Impact Fund,0.9806,2020-05-25
Positive Impact Fund,0.981,2020-05-26
Positive Impact Fund,0.985,2020-05-27
Positive Impact Fund,0.9934,2020-05-28
Positive Impact Fund,0.9988,2020-05-29
Positive Impact Fund,0.9988,2020-05-30
Positive Impact Fund,0.9988,2020-05-31
Positive Impact Fund,0.9988,2020-06-01
Positive Impact Fund,1.0039,2020-06-02
Positive Impact Fund,1.0056,2020-06-03
Positive Impact Fund,1.0107,2020-06-04
Positive Impact Fund,1.0202,2020-06-05
Positive Impact Fund,1.0202,2020-06-06
Positive Impact Fund,1.0202,2020-06-07
Positive Impact Fund,1.0209,2020-06-08
Positive Impact Fund,1.0305,2020-06-09
Positive Impact Fund,1.0299,2020-06-10
Positive Impact Fund,1.027,2020-06-11
Positive Impact Fund,1.0243,2020-06-12
Positive Impact Fund,1.0243,2020-06-13
Positive Impact Fund,1.0243,2020-06-14
Positive Impact Fund,1.001,2020-06-15
Positive Impact Fund,1.0044,2020-06-16
Positive Impact Fund,1.0058,2020-06-17
Positive Impact Fund,1.0172,2020-06-18
Positive Impact Fund,1.0164,2020-06-19
Positive Impact Fund,1.0164,2020-06-20
Positive Impact Fund,1.0164,2020-06-21
Positive Impact Fund,1.0161,2020-06-22
Positive Impact Fund,1.0158,2020-06-23
Positive Impact Fund,1.0194,2020-06-24
Positive Impact Fund,1.0231,2020-06-25
Positive Impact Fund,1.0109,2020-06-26
Positive Impact Fund,1.0109,2020-06-27
Positive Impact Fund,1.0109,2020-06-28
Positive Impact Fund,1.0145,2020-06-29
Positive Impact Fund,1.0097,2020-06-30
Positive Impact Fund,1.0128,2020-07-01
Positive Impact Fund,1.0188,2020-07-02
Positive Impact Fund,1.0207,2020-07-03
Positive Impact Fund,1.0207,2020-07-04
Positive Impact Fund,1.0207,2020-07-05
Positive Impact Fund,1.0265,2020-07-06
Positive Impact Fund,1.0269,2020-07-07
Positive Impact Fund,1.0351,2020-07-08
Positive Impact Fund,1.0318,2020-07-09
Positive Impact Fund,1.0338,2020-07-10
Positive Impact Fund,1.0338,2020-07-11
Positive Impact Fund,1.0338,2020-07-12
Positive Impact Fund,1.0318,2020-07-13
Positive Impact Fund,1.0328,2020-07-14
Positive Impact Fund,1.0333,2020-07-15
Positive Impact Fund,1.0394,2020-07-16
Positive Impact Fund,1.0474,2020-07-17
Positive Impact Fund,1.0474,2020-07-18
Positive Impact Fund,1.0474,2020-07-19
Positive Impact Fund,1.0445,2020-07-20
Positive Impact Fund,1.0496,2020-07-21
Positive Impact Fund,1.0534,2020-07-22
Positive Impact Fund,1.0573,2020-07-23
Positive Impact Fund,1.0575,2020-07-24
Positive Impact Fund,1.0575,2020-07-25
Positive Impact Fund,1.0575,2020-07-26
Positive Impact Fund,1.0563,2020-07-27
Positive Impact Fund,1.0511,2020-07-28
Positive Impact Fund,1.0581,2020-07-29
Positive Impact Fund,1.0536,2020-07-30
Positive Impact Fund,1.0588,2020-07-31
Positive Impact Fund,1.0588,2020-08-01
Positive Impact Fund,1.0588,2020-08-02
Positive Impact Fund,1.055,2020-08-03
Positive Impact Fund,1.0542,2020-08-04
Positive Impact Fund,1.0607,2020-08-05
Positive Impact Fund,1.0593,2020-08-06
Positive Impact Fund,1.0635,2020-08-07
Positive Impact Fund,1.0635,2020-08-08
Positive Impact Fund,1.0635,2020-08-09
Positive Impact Fund,1.0644,2020-08-10
Positive Impact Fund,1.0636,2020-08-11
Positive Impact Fund,1.0624,2020-08-12
Positive Impact Fund,1.0645,2020-08-13
Positive Impact Fund,1.0691,2020-08-14
Positive Impact Fund,1.0691,2020-08-15
Positive Impact Fund,1.0691,2020-08-16
Positive Impact Fund,1.0706,2020-08-17
Positive Impact Fund,1.0682,2020-08-18
Positive Impact Fund,1.0692,2020-08-19
Positive Impact Fund,1.0691,2020-08-20
Positive Impact Fund,1.0688,2020-08-21
Positive Impact Fund,1.0688,2020-08-22
Positive Impact Fund,1.0688,2020-08-23
Positive Impact Fund,1.0679,2020-08-24
Positive Impact Fund,1.0678,2020-08-25
Positive Impact Fund,1.0729,2020-08-26
Positive Impact Fund,1.0721,2020-08-27
Positive Impact Fund,1.076,2020-08-28
Positive Impact Fund,1.076,2020-08-29
Positive Impact Fund,1.076,2020-08-30
Positive Impact Fund,1.0721,2020-08-31
Positive Impact Fund,1.0747,2020-09-01
Positive Impact Fund,1.0738,2020-09-02
Positive Impact Fund,1.077,2020-09-03
Positive Impact Fund,1.0803,2020-09-04
Positive Impact Fund,1.0803,2020-09-05
Positive Impact Fund,1.0803,2020-09-06
Positive Impact Fund,1.0733,2020-09-07
Positive Impact Fund,1.0705,2020-09-08
Positive Impact Fund,1.0653,2020-09-09
Positive Impact Fund,1.057,2020-09-10
Positive Impact Fund,1.0669,2020-09-11
Positive Impact Fund,1.0669,2020-09-12
Positive Impact Fund,1.0669,2020-09-13
Positive Impact Fund,1.0636,2020-09-14
Positive Impact Fund,1.0656,2020-09-15
Positive Impact Fund,1.0708,2020-09-16
Positive Impact Fund,1.075,2020-09-17
Positive Impact Fund,1.0733,2020-09-18
Positive Impact Fund,1.0733,2020-09-19
Positive Impact Fund,1.0733,2020-09-20
Positive Impact Fund,1.072,2020-09-21
Positive Impact Fund,1.0688,2020-09-22
Positive Impact Fund,1.0586,2020-09-23
Positive Impact Fund,1.0617,2020-09-24
Positive Impact Fund,1.0571,2020-09-25
Positive Impact Fund,1.0571,2020-09-26
Positive Impact Fund,1.0571,2020-09-27
Positive Impact Fund,1.0554,2020-09-28
Positive Impact Fund,1.061,2020-09-29
Positive Impact Fund,1.0715,2020-09-30
Positive Impact Fund,1.0715,2020-10-01
Positive Impact Fund,1.072,2020-10-02
Positive Impact Fund,1.072,2020-10-03
Positive Impact Fund,1.072,2020-10-04
Positive Impact Fund,1.0771,2020-10-05
Positive Impact Fund,1.0747,2020-10-06
Positive Impact Fund,1.0825,2020-10-07
Positive Impact Fund,1.0791,2020-10-08
Positive Impact Fund,1.0885,2020-10-09
Positive Impact Fund,1.0885,2020-10-10
Positive Impact Fund,1.0885,2020-10-11
Positive Impact Fund,1.0914,2020-10-12
Positive Impact Fund,1.0988,2020-10-13
Positive Impact Fund,1.1035,2020-10-14
Positive Impact Fund,1.1028,2020-10-15
Positive Impact Fund,1.1024,2020-10-16
Positive Impact Fund,1.1024,2020-10-17
Positive Impact Fund,1.1024,2020-10-18
Positive Impact Fund,1.0966,2020-10-19
Positive Impact Fund,1.1001,2020-10-20
Positive Impact Fund,1.0946,2020-10-21
Positive Impact Fund,1.095,2020-10-22
Positive Impact Fund,1.092,2020-10-23
Positive Impact Fund,1.092,2020-10-24
Positive Impact Fund,1.092,2020-10-25
Positive Impact Fund,1.092,2020-10-26
Positive Impact Fund,1.0949,2020-10-27
Positive Impact Fund,1.0834,2020-10-28
Positive Impact Fund,1.0816,2020-10-29
Positive Impact Fund,1.0661,2020-10-30
Positive Impact Fund,1.0661,2020-10-31
Positive Impact Fund,1.0661,2020-11-01
Positive Impact Fund,1.0674,2020-11-02
Positive Impact Fund,1.0642,2020-11-03
Positive Impact Fund,1.0722,2020-11-04
Positive Impact Fund,1.0848,2020-11-05
Positive Impact Fund,1.0908,2020-11-06
Positive Impact Fund,1.0908,2020-11-07
Positive Impact Fund,1.0908,2020-11-08
Positive Impact Fund,1.1002,2020-11-09
Positive Impact Fund,1.1033,2020-11-10
Positive Impact Fund,1.1055,2020-11-11
Positive Impact Fund,1.1052,2020-11-12
Positive Impact Fund,1.1139,2020-11-13
Positive Impact Fund,1.1139,2020-11-14
Positive Impact Fund,1.1139,2020-11-15
Positive Impact Fund,1.1092,2020-11-16
Positive Impact Fund,1.1142,2020-11-17
Positive Impact Fund,1.1183,2020-11-18
Positive Impact Fund,1.1177,2020-11-19
Positive Impact Fund,1.116,2020-11-20
Positive Impact Fund,1.116,2020-11-21
Positive Impact Fund,1.116,2020-11-22
Positive Impact Fund,1.1163,2020-11-23
Positive Impact Fund,1.1191,2020-11-24
Positive Impact Fund,1.1179,2020-11-25
Positive Impact Fund,1.1212,2020-11-26
Positive Impact Fund,1.1203,2020-11-27
Positive Impact Fund,1.1203,2020-11-28
Positive Impact Fund,1.1203,2020-11-29
Positive Impact Fund,1.1209,2020-11-30
Positive Impact Fund,1.1212,2020-12-01
Positive Impact Fund,1.1217,2020-12-02
Positive Impact Fund,1.1253,2020-12-03
Positive Impact Fund,1.1231,2020-12-04
Positive Impact Fund,1.1231,2020-12-05
Positive Impact Fund,1.1231,2020-12-06
Positive Impact Fund,1.1214,2020-12-07
Positive Impact Fund,1.1267,2020-12-08
Positive Impact Fund,1.1249,2020-12-09
Positive Impact Fund,1.1297,2020-12-10
Positive Impact Fund,1.1276,2020-12-11
Positive Impact Fund,1.1276,2020-12-12
Positive Impact Fund,1.1276,2020-12-13
Positive Impact Fund,1.1258,2020-12-14
Positive Impact Fund,1.1241,2020-12-15
Positive Impact Fund,1.1243,2020-12-16
Positive Impact Fund,1.1303,2020-12-17
Positive Impact Fund,1.1324,2020-12-18
Positive Impact Fund,1.1324,2020-12-19
Positive Impact Fund,1.1324,2020-12-20
Positive Impact Fund,1.1351,2020-12-21
Positive Impact Fund,1.1383,2020-12-22
Positive Impact Fund,1.1356,2020-12-23
Positive Impact Fund,1.139,2020-12-24
Positive Impact Fund,1.139,2020-12-25
Positive Impact Fund,1.139,2020-12-26
Positive Impact Fund,1.139,2020-12-27
Positive Impact Fund,1.139,2020-12-28
Positive Impact Fund,1.1382,2020-12-29
Positive Impact Fund,1.1395,2020-12-30
Positive Impact Fund,1.1441,2020-12-31
Positive Impact Fund,1.1441,2021-01-01
Positive Impact Fund,1.1441,2021-01-02
Positive Impact Fund,1.1441,2021-01-03
Positive Impact Fund,1.1441,2021-01-04
Positive Impact Fund,1.1415,2021-01-05
Positive Impact Fund,1.1412,2021-01-06
Positive Impact Fund,1.1404,2021-01-07
Positive Impact Fund,1.145,2021-01-08
Positive Impact Fund,1.145,2021-01-09
Positive Impact Fund,1.145,2021-01-10
Positive Impact Fund,1.1537,2021-01-11
Positive Impact Fund,1.1578,2021-01-12
Positive Impact Fund,1.1586,2021-01-13
Positive Impact Fund,1.1571,2021-01-14
Positive Impact Fund,1.1576,2021-01-15
Positive Impact Fund,1.1576,2021-01-16
Positive Impact Fund,1.1576,2021-01-17
Positive Impact Fund,1.1549,2021-01-18
Positive Impact Fund,1.1528,2021-01-19
Positive Impact Fund,1.1535,2021-01-20
Positive Impact Fund,1.1587,2021-01-21
Positive Impact Fund,1.1624,2021-01-22
Positive Impact Fund,1.1624,2021-01-23
Positive Impact Fund,1.1624,2021-01-24
Positive Impact Fund,1.1634,2021-01-25
Positive Impact Fund,1.1632,2021-01-26
Positive Impact Fund,1.1611,2021-01-27
Positive Impact Fund,1.1564,2021-01-28
Positive Impact Fund,1.1434,2021-01-29
Positive Impact Fund,1.1434,2021-01-30
Positive Impact Fund,1.1434,2021-01-31
Positive Impact Fund,1.1433,2021-02-01
Positive Impact Fund,1.1431,2021-02-02
Positive Impact Fund,1.1481,2021-02-03
Positive Impact Fund,1.1562,2021-02-04
Positive Impact Fund,1.1536,2021-02-05
Positive Impact Fund,1.1536,2021-02-06
Positive Impact Fund,1.1536,2021-02-07
Positive Impact Fund,1.1536,2021-02-08
Positive Impact Fund,1.159,2021-02-09
Positive Impact Fund,1.1622,2021-02-10
Positive Impact Fund,1.1619,2021-02-11
Positive Impact Fund,1.1616,2021-02-12
Positive Impact Fund,1.1616,2021-02-13
Positive Impact Fund,1.1616,2021-02-14
Positive Impact Fund,1.1643,2021-02-15
Positive Impact Fund,1.1673,2021-02-16
Positive Impact Fund,1.1686,2021-02-17
Positive Impact Fund,1.1666,2021-02-18
Positive Impact Fund,1.1637,2021-02-19
Positive Impact Fund,1.1637,2021-02-20
Positive Impact Fund,1.1637,2021-02-21
Positive Impact Fund,1.1576,2021-02-22
Positive Impact Fund,1.1551,2021-02-23
Positive Impact Fund,1.1458,2021-02-24
Positive Impact Fund,1.1404,2021-02-25
Positive Impact Fund,1.1407,2021-02-26
Positive Impact Fund,1.1407,2021-02-27
Positive Impact Fund,1.1407,2021-02-28
Positive Impact Fund,1.1316,2021-03-01
Positive Impact Fund,1.1322,2021-03-02
Positive Impact Fund,1.1432,2021-03-03
Positive Impact Fund,1.1408,2021-03-04
Positive Impact Fund,1.1331,2021-03-05
Positive Impact Fund,1.1331,2021-03-06
Positive Impact Fund,1.1331,2021-03-07
Positive Impact Fund,1.1227,2021-03-08
Positive Impact Fund,1.1307,2021-03-09
Positive Impact Fund,1.1313,2021-03-10
Positive Impact Fund,1.1403,2021-03-11
Positive Impact Fund,1.1409,2021-03-12
Positive Impact Fund,1.1409,2021-03-13
Positive Impact Fund,1.1409,2021-03-14
Positive Impact Fund,1.1473,2021-03-15
Positive Impact Fund,1.1475,2021-03-16
Positive Impact Fund,1.1501,2021-03-17
Positive Impact Fund,1.1492,2021-03-18
Positive Impact Fund,1.1491,2021-03-19
Positive Impact Fund,1.1491,2021-03-20
Positive Impact Fund,1.1491,2021-03-21
Positive Impact Fund,1.1452,2021-03-22
Positive Impact Fund,1.1451,2021-03-23
Positive Impact Fund,1.1492,2021-03-24
Positive Impact Fund,1.1523,2021-03-25
Positive Impact Fund,1.1503,2021-03-26
Positive Impact Fund,1.1503,2021-03-27
Positive Impact Fund,1.1503,2021-03-28
Positive Impact Fund,1.1541,2021-03-29
Positive Impact Fund,1.1625,2021-03-30
Positive Impact Fund,1.1613,2021-03-31
Positive Impact Fund,1.1613,2021-04-01
Positive Impact Fund,1.1613,2021-04-02
Positive Impact Fund,1.1613,2021-04-03
Positive Impact Fund,1.1613,2021-04-04
Positive Impact Fund,1.1613,2021-04-05
Positive Impact Fund,1.1617,2021-04-06
Positive Impact Fund,1.1689,2021-04-07
Positive Impact Fund,1.1749,2021-04-08
Positive Impact Fund,1.1725,2021-04-09
Positive Impact Fund,1.1725,2021-04-10
Positive Impact Fund,1.1725,2021-04-11
Positive Impact Fund,1.1779,2021-04-12
Positive Impact Fund,1.1811,2021-04-13
Positive Impact Fund,1.1811,2021-04-14
Positive Impact Fund,1.1845,2021-04-15
Positive Impact Fund,1.178,2021-04-16
Positive Impact Fund,1.178,2021-04-17
Positive Impact Fund,1.178,2021-04-18
Positive Impact Fund,1.1777,2021-04-19
Positive Impact Fund,1.186,2021-04-20
Positive Impact Fund,1.1811,2021-04-21
Positive Impact Fund,1.1766,2021-04-22
Positive Impact Fund,1.18,2021-04-23
Positive Impact Fund,1.18,2021-04-24
Positive Impact Fund,1.18,2021-04-25
Positive Impact Fund,1.18,2021-04-26
Positive Impact Fund,1.1865,2021-04-27
Positive Impact Fund,1.186,2021-04-28
Positive Impact Fund,1.1854,2021-04-29
Positive Impact Fund,1.1835,2021-04-30
Positive Impact Fund,1.1835,2021-05-01
Positive Impact Fund,1.1835,2021-05-02
Positive Impact Fund,1.1829,2021-05-03
Positive Impact Fund,1.1836,2021-05-04
Positive Impact Fund,1.181,2021-05-05
Positive Impact Fund,1.1763,2021-05-06
Positive Impact Fund,1.1768,2021-05-07
Positive Impact Fund,1.1768,2021-05-08
Positive Impact Fund,1.1768,2021-05-09
Positive Impact Fund,1.1771,2021-05-10
Positive Impact Fund,1.18,2021-05-11
Positive Impact Fund,1.1751,2021-05-12
Positive Impact Fund,1.1682,2021-05-13
Positive Impact Fund,1.1612,2021-05-14
Positive Impact Fund,1.1612,2021-05-15
Positive Impact Fund,1.1612,2021-05-16
Positive Impact Fund,1.1646,2021-05-17
Positive Impact Fund,1.1726,2021-05-18
Positive Impact Fund,1.1722,2021-05-19
Positive Impact Fund,1.1698,2021-05-20
Positive Impact Fund,1.1693,2021-05-21
Positive Impact Fund,1.1693,2021-05-22
Positive Impact Fund,1.1693,2021-05-23
Positive Impact Fund,1.1764,2021-05-24
Positive Impact Fund,1.1817,2021-05-25
Positive Impact Fund,1.1841,2021-05-26
Positive Impact Fund,1.1844,2021-05-27
Positive Impact Fund,1.1826,2021-05-28
Positive Impact Fund,1.1826,2021-05-29
Positive Impact Fund,1.1826,2021-05-30
Positive Impact Fund,1.1826,2021-05-31
Positive Impact Fund,1.1875,2021-06-01
Positive Impact Fund,1.1857,2021-06-02
Positive Impact Fund,1.1875,2021-06-03
Positive Impact Fund,1.1882,2021-06-04
Positive Impact Fund,1.1882,2021-06-05
Positive Impact Fund,1.1882,2021-06-06
Positive Impact Fund,1.1882,2021-06-07
Positive Impact Fund,1.1942,2021-06-08
Positive Impact Fund,1.1933,2021-06-09
Positive Impact Fund,1.1958,2021-06-10
Positive Impact Fund,1.1967,2021-06-11
Positive Impact Fund,1.1967,2021-06-12
Positive Impact Fund,1.1967,2021-06-13
Positive Impact Fund,1.1962,2021-06-14
Positive Impact Fund,1.2029,2021-06-15
Positive Impact Fund,1.2035,2021-06-16
Positive Impact Fund,1.2062,2021-06-17
Positive Impact Fund,1.2049,2021-06-18
Positive Impact Fund,1.2049,2021-06-19
Positive Impact Fund,1.2049,2021-06-20
Positive Impact Fund,1.2065,2021-06-21
Positive Impact Fund,1.2026,2021-06-22
Positive Impact Fund,1.2067,2021-06-23
Positive Impact Fund,1.2095,2021-06-24
Positive Impact Fund,1.2047,2021-06-25
Positive Impact Fund,1.2047,2021-06-26
Positive Impact Fund,1.2047,2021-06-27
Positive Impact Fund,1.2098,2021-06-28
Positive Impact Fund,1.2111,2021-06-29
Positive Impact Fund,1.2146,2021-06-30
Positive Impact Fund,1.2193,2021-07-01
Positive Impact Fund,1.2172,2021-07-02
Positive Impact Fund,1.2172,2021-07-03
Positive Impact Fund,1.2172,2021-07-04
Positive Impact Fund,1.2172,2021-07-05
Positive Impact Fund,1.2243,2021-07-06
Positive Impact Fund,1.2242,2021-07-07
Positive Impact Fund,1.225,2021-07-08
Positive Impact Fund,1.228,2021-07-09
Positive Impact Fund,1.228,2021-07-10
Positive Impact Fund,1.228,2021-07-11
Positive Impact Fund,1.2239,2021-07-12
Positive Impact Fund,1.2279,2021-07-13
Positive Impact Fund,1.2328,2021-07-14
Positive Impact Fund,1.2336,2021-07-15
Positive Impact Fund,1.2297,2021-07-16
Positive Impact Fund,1.2297,2021-07-17
Positive Impact Fund,1.2297,2021-07-18
Positive Impact Fund,1.2316,2021-07-19
Positive Impact Fund,1.2258,2021-07-20
Positive Impact Fund,1.2185,2021-07-21
Positive Impact Fund,1.2288,2021-07-22
Positive Impact Fund,1.2327,2021-07-23
Positive Impact Fund,1.2327,2021-07-24
Positive Impact Fund,1.2327,2021-07-25
Positive Impact Fund,1.2356,2021-07-26
Positive Impact Fund,1.2414,2021-07-27
Positive Impact Fund,1.2379,2021-07-28
Positive Impact Fund,1.2367,2021-07-29
Positive Impact Fund,1.2427,2021-07-30
Positive Impact Fund,1.2427,2021-07-31
Positive Impact Fund,1.2427,2021-08-01
Positive Impact Fund,1.2441,2021-08-02
Positive Impact Fund,1.2446,2021-08-03
Positive Impact Fund,1.2446,2021-08-04
Positive Impact Fund,1.2471,2021-08-05
Positive Impact Fund,1.2436,2021-08-06
Positive Impact Fund,1.2436,2021-08-07
Positive Impact Fund,1.2436,2021-08-08
Positive Impact Fund,1.2449,2021-08-09
Positive Impact Fund,1.2466,2021-08-10
Positive Impact Fund,1.2483,2021-08-11
Positive Impact Fund,1.2475,2021-08-12
Positive Impact Fund,1.2483,2021-08-13
Positive Impact Fund,1.2483,2021-08-14
Positive Impact Fund,1.2483,2021-08-15
Positive Impact Fund,1.2516,2021-08-16
Positive Impact Fund,1.253,2021-08-17
Positive Impact Fund,1.2543,2021-08-18
Positive Impact Fund,1.256,2021-08-19
Positive Impact Fund,1.2554,2021-08-20
Positive Impact Fund,1.2554,2021-08-21
Positive Impact Fund,1.2554,2021-08-22
Positive Impact Fund,1.258,2021-08-23
Positive Impact Fund,1.2633,2021-08-24
Positive Impact Fund,1.2648,2021-08-25
Positive Impact Fund,1.2633,2021-08-26
Positive Impact Fund,1.2647,2021-08-27
Positive Impact Fund,1.2647,2021-08-28
Positive Impact Fund,1.2647,2021-08-29
Positive Impact Fund,1.262,2021-08-30
Positive Impact Fund,1.2646,2021-08-31
Positive Impact Fund,1.2657,2021-09-01
Positive Impact Fund,1.2631,2021-09-02
Positive Impact Fund,1.2634,2021-09-03
Positive Impact Fund,1.2634,2021-09-04
Positive Impact Fund,1.2634,2021-09-05
Positive Impact Fund,1.2643,2021-09-06
Positive Impact Fund,1.2621,2021-09-07
Positive Impact Fund,1.2648,2021-09-08
Positive Impact Fund,1.2632,2021-09-09
Positive Impact Fund,1.2604,2021-09-10
Positive Impact Fund,1.2604,2021-09-11
Positive Impact Fund,1.2604,2021-09-12
Positive Impact Fund,1.2565,2021-09-13
Positive Impact Fund,1.2541,2021-09-14
Positive Impact Fund,1.2548,2021-09-15
Positive Impact Fund,1.2545,2021-09-16
Positive Impact Fund,1.2553,2021-09-17
Positive Impact Fund,1.2553,2021-09-18
Positive Impact Fund,1.2553,2021-09-19
Positive Impact Fund,1.2583,2021-09-20
Positive Impact Fund,1.2537,2021-09-21
Positive Impact Fund,1.2427,2021-09-22
Positive Impact Fund,1.244,2021-09-23
Positive Impact Fund,1.2468,2021-09-24
Positive Impact Fund,1.2468,2021-09-25
Positive Impact Fund,1.2468,2021-09-26
Positive Impact Fund,1.2498,2021-09-27
Positive Impact Fund,1.2492,2021-09-28
Positive Impact Fund,1.2448,2021-09-29
Positive Impact Fund,1.2314,2021-09-30
Positive Impact Fund,1.2363,2021-10-01
Positive Impact Fund,1.2363,2021-10-02
Positive Impact Fund,1.2363,2021-10-03
Positive Impact Fund,1.2281,2021-10-04
Positive Impact Fund,1.2284,2021-10-05
Positive Impact Fund,1.2182,2021-10-06
Positive Impact Fund,1.2237,2021-10-07
Positive Impact Fund,1.2236,2021-10-08
Positive Impact Fund,1.2236,2021-10-09
Positive Impact Fund,1.2236,2021-10-10
Positive Impact Fund,1.2306,2021-10-11
Positive Impact Fund,1.2276,2021-10-12
Positive Impact Fund,1.2231,2021-10-13
Positive Impact Fund,1.2248,2021-10-14
Positive Impact Fund,1.2287,2021-10-15
Positive Impact Fund,1.2287,2021-10-16
Positive Impact Fund,1.2287,2021-10-17
Positive Impact Fund,1.235,2021-10-18
Positive Impact Fund,1.2368,2021-10-19
Positive Impact Fund,1.2366,2021-10-20
Positive Impact Fund,1.2359,2021-10-21
Positive Impact Fund,1.2388,2021-10-22
Positive Impact Fund,1.2388,2021-10-23
Positive Impact Fund,1.2388,2021-10-24
Positive Impact Fund,1.2388,2021-10-25
Positive Impact Fund,1.2464,2021-10-26
Positive Impact Fund,1.2474,2021-10-27
Positive Impact Fund,1.2497,2021-10-28
Positive Impact Fund,1.2446,2021-10-29
Positive Impact Fund,1.2446,2021-10-30
Positive Impact Fund,1.2446,2021-10-31
Positive Impact Fund,1.2478,2021-11-01
Positive Impact Fund,1.2524,2021-11-02
Positive Impact Fund,1.2527,2021-11-03
Positive Impact Fund,1.2622,2021-11-04
Positive Impact Fund,1.2628,2021-11-05
Positive Impact Fund,1.2628,2021-11-06
Positive Impact Fund,1.2628,2021-11-07
Positive Impact Fund,1.2689,2021-11-08
Positive Impact Fund,1.2687,2021-11-09
Positive Impact Fund,1.2671,2021-11-10
Positive Impact Fund,1.2686,2021-11-11
Positive Impact Fund,1.2655,2021-11-12
Positive Impact Fund,1.2655,2021-11-13
Positive Impact Fund,1.2655,2021-11-14
Positive Impact Fund,1.2675,2021-11-15
Positive Impact Fund,1.2724,2021-11-16
Positive Impact Fund,1.2706,2021-11-17
Positive Impact Fund,1.2768,2021-11-18
Positive Impact Fund,1.2761,2021-11-19
Positive Impact Fund,1.2761,2021-11-20
Positive Impact Fund,1.2761,2021-11-21
Positive Impact Fund,1.2746,2021-11-22
Positive Impact Fund,1.2726,2021-11-23
Positive Impact Fund,1.2694,2021-11-24
Positive Impact Fund,1.2662,2021-11-25
Positive Impact Fund,1.2723,2021-11-26
Positive Impact Fund,1.2723,2021-11-27
Positive Impact Fund,1.2723,2021-11-28
Positive Impact Fund,1.275,2021-11-29
Positive Impact Fund,1.2634,2021-11-30
Positive Impact Fund,1.2711,2021-12-01
Positive Impact Fund,1.2564,2021-12-02
Positive Impact Fund,1.2525,2021-12-03
Positive Impact Fund,1.2525,2021-12-04
Positive Impact Fund,1.2525,2021-12-05
Positive Impact Fund,1.2577,2021-12-06
Positive Impact Fund,1.2547,2021-12-07
Positive Impact Fund,1.2642,2021-12-08
Positive Impact Fund,1.2791,2021-12-09
Positive Impact Fund,1.2768,2021-12-10
Positive Impact Fund,1.2768,2021-12-11
Positive Impact Fund,1.2768,2021-12-12
Positive Impact Fund,1.275,2021-12-13
Positive Impact Fund,1.2734,2021-12-14
Positive Impact Fund,1.2637,2021-12-15
Positive Impact Fund,1.2741,2021-12-16
Positive Impact Fund,1.2708,2021-12-17
Positive Impact Fund,1.2708,2021-12-18
Positive Impact Fund,1.2708,2021-12-19
Positive Impact Fund,1.2648,2021-12-20
Positive Impact Fund,1.2553,2021-12-21
Positive Impact Fund,1.2653,2021-12-22
Positive Impact Fund,1.2697,2021-12-23
Positive Impact Fund,1.2737,2021-12-24
Positive Impact Fund,1.2737,2021-12-25
Positive Impact Fund,1.2737,2021-12-26
Positive Impact Fund,1.2737,2021-12-27
Positive Impact Fund,1.2737,2021-12-28
Positive Impact Fund,1.2733,2021-12-29
Positive Impact Fund,1.2824,2021-12-30
Positive Impact Fund,1.282,2021-12-31
Positive Impact Fund,1.282,2022-01-01
Positive Impact Fund,1.282,2022-01-02
Positive Impact Fund,1.282,2022-01-03
Positive Impact Fund,1.282,2022-01-04
Positive Impact Fund,1.2773,2022-01-05
Positive Impact Fund,1.2646,2022-01-06
Positive Impact Fund,1.2614,2022-01-07
Positive Impact Fund,1.2614,2022-01-08
Positive Impact Fund,1.2614,2022-01-09
Positive Impact Fund,1.255,2022-01-10
Positive Impact Fund,1.2488,2022-01-11
Positive Impact Fund,1.2552,2022-01-12
Positive Impact Fund,1.2565,2022-01-13
Positive Impact Fund,1.2456,2022-01-14
Positive Impact Fund,1.2456,2022-01-15
Positive Impact Fund,1.2456,2022-01-16
Positive Impact Fund,1.2407,2022-01-17
Positive Impact Fund,1.2408,2022-01-18
Positive Impact Fund,1.2299,2022-01-19
Positive Impact Fund,1.2254,2022-01-20
Positive Impact Fund,1.2247,2022-01-21
Positive Impact Fund,1.2247,2022-01-22
Positive Impact Fund,1.2247,2022-01-23
Positive Impact Fund,1.2146,2022-01-24
Positive Impact Fund,1.2104,2022-01-25
Positive Impact Fund,1.1982,2022-01-26
Positive Impact Fund,1.1976,2022-01-27
Positive Impact Fund,1.1941,2022-01-28
Positive Impact Fund,1.1941,2022-01-29
Positive Impact Fund,1.1941,2022-01-30
Positive Impact Fund,1.2031,2022-01-31
Positive Impact Fund,1.2154,2022-02-01
Positive Impact Fund,1.2179,2022-02-02
Positive Impact Fund,1.2207,2022-02-03
Positive Impact Fund,1.2042,2022-02-04
Positive Impact Fund,1.2042,2022-02-05
Positive Impact Fund,1.2042,2022-02-06
Positive Impact Fund,1.2042,2022-02-07
Positive Impact Fund,1.2044,2022-02-08
Positive Impact Fund,1.2068,2022-02-09
Positive Impact Fund,1.2151,2022-02-10
Positive Impact Fund,1.2053,2022-02-11
Positive Impact Fund,1.2053,2022-02-12
Positive Impact Fund,1.2053,2022-02-13
Positive Impact Fund,1.1934,2022-02-14
Positive Impact Fund,1.1881,2022-02-15
Positive Impact Fund,1.1991,2022-02-16
Positive Impact Fund,1.2003,2022-02-17
Positive Impact Fund,1.1886,2022-02-18
Positive Impact Fund,1.1886,2022-02-19
Positive Impact Fund,1.1886,2022-02-20
Positive Impact Fund,1.1834,2022-02-21
Positive Impact Fund,1.1785,2022-02-22
Positive Impact Fund,1.1726,2022-02-23
Positive Impact Fund,1.1641,2022-02-24
Positive Impact Fund,1.1704,2022-02-25
Positive Impact Fund,1.1704,2022-02-26
Positive Impact Fund,1.1704,2022-02-27
Positive Impact Fund,1.1869,2022-02-28
Positive Impact Fund,1.1891,2022-03-01
Positive Impact Fund,1.1741,2022-03-02
Positive Impact Fund,1.1811,2022-03-03
Positive Impact Fund,1.1768,2022-03-04
Positive Impact Fund,1.1768,2022-03-05
Positive Impact Fund,1.1768,2022-03-06
Positive Impact Fund,1.162,2022-03-07
Positive Impact Fund,1.1424,2022-03-08
Positive Impact Fund,1.1377,2022-03-09
Positive Impact Fund,1.1565,2022-03-10
Positive Impact Fund,1.1505,2022-03-11
Positive Impact Fund,1.1505,2022-03-12
Positive Impact Fund,1.1505,2022-03-13
Positive Impact Fund,1.1437,2022-03-14
Positive Impact Fund,1.1445,2022-03-15
Positive Impact Fund,1.1523,2022-03-16
Positive Impact Fund,1.169,2022-03-17
Positive Impact Fund,1.1765,2022-03-18
Positive Impact Fund,1.1765,2022-03-19
Positive Impact Fund,1.1765,2022-03-20
Positive Impact Fund,1.18,2022-03-21
Positive Impact Fund,1.1755,2022-03-22
Positive Impact Fund,1.1813,2022-03-23
Positive Impact Fund,1.1707,2022-03-24
Positive Impact Fund,1.174,2022-03-25
Positive Impact Fund,1.174,2022-03-26
Positive Impact Fund,1.174,2022-03-27
Positive Impact Fund,1.174,2022-03-28
Positive Impact Fund,1.1798,2022-03-29
Positive Impact Fund,1.1933,2022-03-30
Positive Impact Fund,1.1878,2022-03-31
Positive Impact Fund,1.1878,2022-04-01
Positive Impact Fund,1.1878,2022-04-02
Positive Impact Fund,1.1878,2022-04-03
Positive Impact Fund,1.1826,2022-04-04
Positive Impact Fund,1.1806,2022-04-05
Positive Impact Fund,1.1732,2022-04-06
Positive Impact Fund,1.1658,2022-04-07
Positive Impact Fund,1.167,2022-04-08
Positive Impact Fund,1.167,2022-04-09
Positive Impact Fund,1.167,2022-04-10
Positive Impact Fund,1.166,2022-04-11
Positive Impact Fund,1.1588,2022-04-12
Positive Impact Fund,1.1527,2022-04-13
Positive Impact Fund,1.1593,2022-04-14
Positive Impact Fund,1.1593,2022-04-15
Positive Impact Fund,1.1593,2022-04-16
Positive Impact Fund,1.1593,2022-04-17
Positive Impact Fund,1.1593,2022-04-18
Positive Impact Fund,1.1506,2022-04-19
Positive Impact Fund,1.1576,2022-04-20
Positive Impact Fund,1.1594,2022-04-21
Positive Impact Fund,1.1528,2022-04-22
Positive Impact Fund,1.1528,2022-04-23
Positive Impact Fund,1.1528,2022-04-24
Positive Impact Fund,1.1528,2022-04-25
Positive Impact Fund,1.1437,2022-04-26
Positive Impact Fund,1.1282,2022-04-27
Positive Impact Fund,1.1297,2022-04-28
Positive Impact Fund,1.1417,2022-04-29
Positive Impact Fund,1.1417,2022-04-30
Positive Impact Fund,1.1417,2022-05-01
Positive Impact Fund,1.1262,2022-05-02
Positive Impact Fund,1.1262,2022-05-03
Positive Impact Fund,1.1268,2022-05-04
Positive Impact Fund,1.1352,2022-05-05
Positive Impact Fund,1.1141,2022-05-06
Positive Impact Fund,1.1141,2022-05-07
Positive Impact Fund,1.1141,2022-05-08
Positive Impact Fund,1.1072,2022-05-09
Positive Impact Fund,1.0908,2022-05-10
Positive Impact Fund,1.0943,2022-05-11
Positive Impact Fund,1.0892,2022-05-12
Positive Impact Fund,1.0891,2022-05-13
Positive Impact Fund,1.0891,2022-05-14
Positive Impact Fund,1.0891,2022-05-15
Positive Impact Fund,1.1036,2022-05-16
Positive Impact Fund,1.0977,2022-05-17
Positive Impact Fund,1.1094,2022-05-18
Positive Impact Fund,1.0934,2022-05-19
Positive Impact Fund,1.0913,2022-05-20
Positive Impact Fund,1.0913,2022-05-21
Positive Impact Fund,1.0913,2022-05-22
Positive Impact Fund,1.0939,2022-05-23
Positive Impact Fund,1.1028,2022-05-24
Positive Impact Fund,1.0985,2022-05-25
Positive Impact Fund,1.1011,2022-05-26
Positive Impact Fund,1.1115,2022-05-27
Positive Impact Fund,1.1115,2022-05-28
Positive Impact Fund,1.1115,2022-05-29
Positive Impact Fund,1.123,2022-05-30
Positive Impact Fund,1.1234,2022-05-31
Positive Impact Fund,1.1176,2022-06-01
Positive Impact Fund,1.1126,2022-06-02
Positive Impact Fund,1.12,2022-06-03
Positive Impact Fund,1.12,2022-06-04
Positive Impact Fund,1.12,2022-06-05
Positive Impact Fund,1.12,2022-06-06
Positive Impact Fund,1.1135,2022-06-07
Positive Impact Fund,1.1189,2022-06-08
Positive Impact Fund,1.1125,2022-06-09
Positive Impact Fund,1.0997,2022-06-10
Positive Impact Fund,1.0997,2022-06-11
Positive Impact Fund,1.0997,2022-06-12
Positive Impact Fund,1.0781,2022-06-13
Positive Impact Fund,1.0553,2022-06-14
Positive Impact Fund,1.0552,2022-06-15
Positive Impact Fund,1.062,2022-06-16
Positive Impact Fund,1.0451,2022-06-17
Positive Impact Fund,1.0451,2022-06-18
Positive Impact Fund,1.0451,2022-06-19
Positive Impact Fund,1.0479,2022-06-20
Positive Impact Fund,1.0472,2022-06-21
Positive Impact Fund,1.0597,2022-06-22
Positive Impact Fund,1.062,2022-06-23
Positive Impact Fund,1.062,2022-06-24
Positive Impact Fund,1.062,2022-06-25
Positive Impact Fund,1.062,2022-06-26
Positive Impact Fund,1.0883,2022-06-27
Positive Impact Fund,1.0859,2022-06-28
Positive Impact Fund,1.0754,2022-06-29
Positive Impact Fund,1.0709,2022-06-30
Positive Impact Fund,1.0799,2022-07-01
Positive Impact Fund,1.0799,2022-07-02
Positive Impact Fund,1.0799,2022-07-03
Positive Impact Fund,1.0841,2022-07-04
Positive Impact Fund,1.0839,2022-07-05
Positive Impact Fund,1.0997,2022-07-06
Positive Impact Fund,1.1046,2022-07-07
Positive Impact Fund,1.1044,2022-07-08
Positive Impact Fund,1.1044,2022-07-09
Positive Impact Fund,1.1044,2022-07-10
Positive Impact Fund,1.0979,2022-07-11
Positive Impact Fund,1.098,2022-07-12
Positive Impact Fund,1.0938,2022-07-13
Positive Impact Fund,1.0843,2022-07-14
Positive Impact Fund,1.0927,2022-07-15
Positive Impact Fund,1.0927,2022-07-16
Positive Impact Fund,1.0927,2022-07-17
Positive Impact Fund,1.1026,2022-07-18
Positive Impact Fund,1.1035,2022-07-19
Positive Impact Fund,1.1091,2022-07-20
Positive Impact Fund,1.1177,2022-07-21
Positive Impact Fund,1.1238,2022-07-22
Positive Impact Fund,1.1238,2022-07-23
Positive Impact Fund,1.1238,2022-07-24
Positive Impact Fund,1.1225,2022-07-25
Positive Impact Fund,1.1199,2022-07-26
Positive Impact Fund,1.1287,2022-07-27
Positive Impact Fund,1.1388,2022-07-28
Positive Impact Fund,1.151,2022-07-29
Positive Impact Fund,1.151,2022-07-30
Positive Impact Fund,1.151,2022-07-31
Positive Impact Fund,1.1518,2022-08-01
Positive Impact Fund,1.1536,2022-08-02
Positive Impact Fund,1.1527,2022-08-03
Positive Impact Fund,1.1501,2022-08-04
Positive Impact Fund,1.149,2022-08-05
Positive Impact Fund,1.149,2022-08-06
Positive Impact Fund,1.149,2022-08-07
Positive Impact Fund,1.1476,2022-08-08
Positive Impact Fund,1.1425,2022-08-09
Positive Impact Fund,1.1437,2022-08-10
Positive Impact Fund,1.146,2022-08-11
Positive Impact Fund,1.1385,2022-08-12
Positive Impact Fund,1.1385,2022-08-13
Positive Impact Fund,1.1385,2022-08-14
Positive Impact Fund,1.1436,2022-08-15
Positive Impact Fund,1.1482,2022-08-16
Positive Impact Fund,1.1461,2022-08-17
Positive Impact Fund,1.1416,2022-08-18
Positive Impact Fund,1.1392,2022-08-19
Positive Impact Fund,1.1392,2022-08-20
Positive Impact Fund,1.1392,2022-08-21
Positive Impact Fund,1.1242,2022-08-22
Positive Impact Fund,1.1151,2022-08-23
Positive Impact Fund,1.1192,2022-08-24
Positive Impact Fund,1.1213,2022-08-25
Positive Impact Fund,1.1176,2022-08-26
Positive Impact Fund,1.1176,2022-08-27
Positive Impact Fund,1.1176,2022-08-28
Positive Impact Fund,1.1158,2022-08-29
Positive Impact Fund,1.1012,2022-08-30
Positive Impact Fund,1.0976,2022-08-31
Positive Impact Fund,1.0824,2022-09-01
Positive Impact Fund,1.0902,2022-09-02
Positive Impact Fund,1.0902,2022-09-03
Positive Impact Fund,1.0902,2022-09-04
Positive Impact Fund,1.0922,2022-09-05
Positive Impact Fund,1.0887,2022-09-06
Positive Impact Fund,1.088,2022-09-07
Positive Impact Fund,1.1,2022-09-08
Positive Impact Fund,1.1062,2022-09-09
Positive Impact Fund,1.1062,2022-09-10
Positive Impact Fund,1.1062,2022-09-11
Positive Impact Fund,1.1114,2022-09-12
Positive Impact Fund,1.1073,2022-09-13
Positive Impact Fund,1.1037,2022-09-14
Positive Impact Fund,1.1017,2022-09-15
Positive Impact Fund,1.0938,2022-09-16
Positive Impact Fund,1.0938,2022-09-17
Positive Impact Fund,1.0938,2022-09-18
Positive Impact Fund,1.0926,2022-09-19
Positive Impact Fund,1.088,2022-09-20
Positive Impact Fund,1.0878,2022-09-21
Positive Impact Fund,1.0719,2022-09-22
Positive Impact Fund,1.0605,2022-09-23
Positive Impact Fund,1.0605,2022-09-24
Positive Impact Fund,1.0605,2022-09-25
Positive Impact Fund,1.0605,2022-09-26
Positive Impact Fund,1.0562,2022-09-27
Positive Impact Fund,1.049,2022-09-28
Positive Impact Fund,1.0469,2022-09-29
Positive Impact Fund,1.0543,2022-09-30
Positive Impact Fund,1.0543,2022-10-01
Positive Impact Fund,1.0543,2022-10-02
Positive Impact Fund,1.0541,2022-10-03
Positive Impact Fund,1.0787,2022-10-04
Positive Impact Fund,1.0746,2022-10-05
Positive Impact Fund,1.0747,2022-10-06
Positive Impact Fund,1.0628,2022-10-07
Positive Impact Fund,1.0628,2022-10-08
Positive Impact Fund,1.0628,2022-10-09
Positive Impact Fund,1.0531,2022-10-10
Positive Impact Fund,1.0453,2022-10-11
Positive Impact Fund,1.0405,2022-10-12
Positive Impact Fund,1.0314,2022-10-13
Positive Impact Fund,1.0414,2022-10-14
Positive Impact Fund,1.0414,2022-10-15
Positive Impact Fund,1.0414,2022-10-16
Positive Impact Fund,1.0447,2022-10-17
Positive Impact Fund,1.0503,2022-10-18
Positive Impact Fund,1.0414,2022-10-19
Positive Impact Fund,1.0392,2022-10-20
Positive Impact Fund,1.0281,2022-10-21
Positive Impact Fund,1.0281,2022-10-22
Positive Impact Fund,1.0281,2022-10-23
Positive Impact Fund,1.0281,2022-10-24
Positive Impact Fund,1.052,2022-10-25
Positive Impact Fund,1.0606,2022-10-26
Positive Impact Fund,1.0592,2022-10-27
Positive Impact Fund,1.0648,2022-10-28
Positive Impact Fund,1.0648,2022-10-29
Positive Impact Fund,1.0648,2022-10-30
Positive Impact Fund,1.0633,2022-10-31
Positive Impact Fund,1.0586,2022-11-01
Positive Impact Fund,1.0533,2022-11-02
Positive Impact Fund,1.0446,2022-11-03
Positive Impact Fund,1.0374,2022-11-04
Positive Impact Fund,1.0374,2022-11-05
Positive Impact Fund,1.0374,2022-11-06
Positive Impact Fund,1.0431,2022-11-07
Positive Impact Fund,1.0486,2022-11-08
Positive Impact Fund,1.0474,2022-11-09
Positive Impact Fund,1.061,2022-11-10
Positive Impact Fund,1.0739,2022-11-11
Positive Impact Fund,1.0739,2022-11-12
Positive Impact Fund,1.0739,2022-11-13
Positive Impact Fund,1.0704,2022-11-14
Positive Impact Fund,1.07,2022-11-15
Positive Impact Fund,1.0648,2022-11-16
Positive Impact Fund,1.0598,2022-11-17
Positive Impact Fund,1.06,2022-11-18
Positive Impact Fund,1.06,2022-11-19
Positive Impact Fund,1.06,2022-11-20
Positive Impact Fund,1.0617,2022-11-21
Positive Impact Fund,1.0646,2022-11-22
Positive Impact Fund,1.0678,2022-11-23
Positive Impact Fund,1.0705,2022-11-24
Positive Impact Fund,1.0748,2022-11-25
Positive Impact Fund,1.0748,2022-11-26
Positive Impact Fund,1.0748,2022-11-27
Positive Impact Fund,1.0713,2022-11-28
Positive Impact Fund,1.0659,2022-11-29
Positive Impact Fund,1.0691,2022-11-30
Positive Impact Fund,1.0807,2022-12-01
Positive Impact Fund,1.0808,2022-12-02
Positive Impact Fund,1.0808,2022-12-03
Positive Impact Fund,1.0808,2022-12-04
Positive Impact Fund,1.0783,2022-12-05
Positive Impact Fund,1.0702,2022-12-06
Positive Impact Fund,1.069,2022-12-07
Positive Impact Fund,1.0696,2022-12-08
Positive Impact Fund,1.0675,2022-12-09
Positive Impact Fund,1.0675,2022-12-10
Positive Impact Fund,1.0675,2022-12-11
Positive Impact Fund,1.0664,2022-12-12
Positive Impact Fund,1.0711,2022-12-13
Positive Impact Fund,1.0749,2022-12-14
Positive Impact Fund,1.0627,2022-12-15
Positive Impact Fund,1.0505,2022-12-16
Positive Impact Fund,1.0505,2022-12-17
Positive Impact Fund,1.0505,2022-12-18
Positive Impact Fund,1.0451,2022-12-19
Positive Impact Fund,1.0427,2022-12-20
Positive Impact Fund,1.0455,2022-12-21
Positive Impact Fund,1.0377,2022-12-22
Positive Impact Fund,1.0377,2022-12-23
Positive Impact Fund,1.0377,2022-12-24
Positive Impact Fund,1.0377,2022-12-25
